mean_fit_time,std_fit_time,mean_score_time,std_score_time,param_model__max_depth,param_model__min_samples_leaf,split0_test_pr_auc,split1_test_pr_auc,split2_test_pr_auc,split3_test_pr_auc,split4_test_pr_auc,mean_test_pr_auc,std_test_pr_auc,rank_test_pr_auc,split0_test_roc_auc,split1_test_roc_auc,split2_test_roc_auc,split3_test_roc_auc,split4_test_roc_auc,mean_test_roc_auc,std_test_roc_auc,rank_test_roc_auc
8.377820587158203,0.2832825150288429,0.32198591232299806,0.03759306558460653,12,200,0.3235875675577274,0.31966532769240974,0.32255572267251786,0.3273027058809848,0.32265506669304234,0.3231532780993364,0.0024567231583329384,1,0.822034391089428,0.820160578882971,0.8209607017058879,0.8283797640223429,0.8193600567438455,0.8221790984888951,0.0032241309455362703,1
8.167446899414063,0.23533151154442392,0.30620660781860354,0.02738262219937055,12,400,0.3185655613187363,0.31673889017773643,0.3177062862581738,0.3223151439323103,0.3182048222009849,0.3187061407775883,0.0019060834532046754,6,0.8232099409710756,0.8199862880438114,0.8209094396282035,0.8279530603459253,0.8184830874850295,0.8221083632948091,0.003300218266187627,2
7.757028532028198,0.34603515076458174,0.31018524169921874,0.017875059384598106,12,800,0.31184621785986244,0.30717146907845283,0.3108172443924106,0.3172902006375767,0.3117004756118684,0.3117651215160342,0.0032415233692817506,9,0.820888338415325,0.8187145626549401,0.8194046103092241,0.8268293507896831,0.8171491531301848,0.8205972030598714,0.0033400624485832816,7
9.987742185592651,2.1605498279856343,0.32530694007873534,0.01753249880993653,16,200,0.32343857733004955,0.319227971055002,0.322271116039246,0.3275822962251292,0.3226402705249473,0.3230320462348748,0.002686020604864644,2,0.8212548634904464,0.8185894731968612,0.8197205864130623,0.8271964303695567,0.8188012255205666,0.8211125157980985,0.003183694505002563,5
8.575842809677123,0.5374983741338591,0.3439680576324463,0.021925248730148936,16,400,0.31876655420000466,0.31653970956646105,0.31779832302619765,0.3225895568607441,0.31829917032694544,0.3187986627960706,0.0020359248928673006,5,0.8229328343680009,0.8196778370820463,0.8207633416382105,0.8276961369227608,0.8184207626611134,0.8218981825344264,0.0032556727805129943,3
8.08598551750183,0.2688696874876376,0.3182191848754883,0.02261977974110274,16,800,0.31184184432026346,0.30720870258510685,0.31086888668074664,0.3173087651623423,0.3117052727318605,0.311786694296064,0.003234294871306975,8,0.8207395509640456,0.8188144963167074,0.8194269787659163,0.8268079823107645,0.8169948854680125,0.8205567787650893,0.003349926311846419,8
8.496551036834717,0.4624342243228566,0.2733354091644287,0.06921384811926719,20,200,0.3234555055067188,0.3192080090023648,0.32214856270166287,0.3275196605278457,0.3225961211747797,0.32298557178267434,0.002679590826635631,3,0.8210196934488758,0.8185342067087462,0.8192922652247909,0.8269210439147046,0.818557340052824,0.8208649098699883,0.0031600944413369696,6
7.79817795753479,0.13074514749766677,0.22050809860229492,0.026236285479160817,20,400,0.3187613436670387,0.3165529250144751,0.3178027629702763,0.3226100813310182,0.3182995231873441,0.3188053272340305,0.002040214542050397,4,0.8228948346668694,0.8196663255268927,0.8207508942208439,0.8277079859282318,0.8183908960583732,0.8218821872802422,0.0032663241207406147,4
7.32823429107666,0.14350969124827678,0.21009836196899415,0.04579613673028915,20,800,0.31184172733462195,0.3072112848123149,0.3108666926239594,0.3173087651623423,0.31170527273186055,0.3117867485330198,0.0032336882893871503,7,0.82073777037834,0.8187934439162522,0.8193693996182942,0.8268079823107645,0.8169948854680125,0.8205406963383327,0.003356048670636495,9
