mean_fit_time,std_fit_time,mean_score_time,std_score_time,param_model__n_estimators,param_model__min_samples_leaf,param_model__max_features,param_model__max_depth,split0_test_pr_auc,split1_test_pr_auc,split2_test_pr_auc,split3_test_pr_auc,split4_test_pr_auc,mean_test_pr_auc,std_test_pr_auc,rank_test_pr_auc,split0_test_roc_auc,split1_test_roc_auc,split2_test_roc_auc,split3_test_roc_auc,split4_test_roc_auc,mean_test_roc_auc,std_test_roc_auc,rank_test_roc_auc
1.9677353382110596,0.0518379594437569,0.14425048828125,0.016906267255842065,200,50,sqrt,,0.326667307212333,0.3287060529371994,0.32880821350140615,0.33001675079572823,0.3359240035715618,0.3300244656036457,0.0031398280638517307,2,0.8240508023751274,0.8279015974328996,0.8209084375680566,0.8259871428295276,0.8256957233368034,0.824908740708483,0.002344268225437655,3
3.54607834815979,0.056378663793219486,0.1518850326538086,0.005523206905040853,300,20,0.3,8,0.32930661052801435,0.3279957163300993,0.3261257661005281,0.32921326144055635,0.33714389816697304,0.3299570505132342,0.0037723373546393584,4,0.8246950362475896,0.826692155355884,0.8212645911144724,0.8247909217266014,0.8250896491756625,0.824506470724042,0.001774461447807538,6
2.775021028518677,0.04263185399099494,0.18398671150207518,0.016989431788769396,300,50,sqrt,16,0.32764459860983214,0.32950522701194507,0.32750038889494537,0.3291463311296149,0.3362047880782783,0.33000026674492317,0.003202152931259556,3,0.8244118646227956,0.8276019013213074,0.8209992706524908,0.8256168681305212,0.8258517098967645,0.8248963229247759,0.0021988096952135785,4
7.381433010101318,0.9547475122762892,0.2237375259399414,0.02592520872168345,300,5,0.5,16,0.31289727573292586,0.3119935627020547,0.30698676015745546,0.3129370913400748,0.32142709438612416,0.313248356863727,0.00464529855546538,11,0.8150424658673533,0.8184432524211321,0.8141021179085373,0.8160234663192795,0.818655082023559,0.8164532769079722,0.0018171968459750705,11
6.792033290863037,0.08279500313197695,0.2883128643035889,0.033410714483812345,500,20,0.3,12,0.32948304883677904,0.32664627732418916,0.324578650112115,0.3285868981400896,0.33822225949012324,0.32950342678065925,0.0046749376910680965,7,0.8252072953383347,0.827574512832038,0.8218711916106669,0.8253185974287309,0.8259773153963081,0.8251897825212158,0.0018621005502090673,1
2.655229187011719,0.04245140223109639,0.15621623992919922,0.020057650111984217,200,5,0.3,8,0.3310583210272152,0.3275527641172634,0.32656228270300275,0.32912629591308035,0.33528909443008886,0.3299177516381301,0.0030864530397600154,5,0.8245240719319018,0.826476187241628,0.8215087142419171,0.8248250893692337,0.8248790886837003,0.8244426302936763,0.0016178146290887839,7
4.621232700347901,0.08527010842448715,0.19648261070251466,0.0113698922472512,200,5,0.5,,0.30566370155017386,0.30668134339447606,0.2994621680273023,0.305732283049169,0.3129133130502049,0.3060905618142652,0.004269546459676035,12,0.8061572891162241,0.8106092305576882,0.8060775853694642,0.8077705588134896,0.8096398633223573,0.8080509054358446,0.0018236328398636332,12
9.788824892044067,0.29023850088154424,0.272979736328125,0.03571180621738678,500,10,0.5,12,0.3263718970730902,0.3220944751348416,0.3175275764560575,0.32353778918920234,0.3342188860658763,0.3247501247838136,0.005531275125570491,10,0.823184512419589,0.8255098659146243,0.819948543249299,0.8230306472114725,0.8248016626543628,0.8232950462898696,0.0019212769737672899,10
3.929076910018921,0.059102022923301974,0.14385008811950684,0.017870689199887588,200,20,0.5,12,0.3287089460365344,0.3232589161988818,0.32058405737409434,0.3256574905964615,0.33648387989733536,0.32693865802066147,0.005473719385485776,9,0.8242352250819363,0.8257867874213072,0.8208215550299758,0.8235969401586817,0.8251807039542173,0.8239242423292236,0.0017250087243469983,9
2.465207576751709,0.08724915639725632,0.13689208030700684,0.013787405223209653,200,20,0.3,8,0.32936949938539667,0.32791225363509174,0.32637813676715316,0.3285083506070923,0.3368574659644119,0.32980514127182914,0.003658800812598531,6,0.8245208731686232,0.8266425524138,0.8213116144087511,0.824422017269408,0.8249915221812978,0.8243777158883759,0.0017279859695455983,8
3.613754653930664,0.7585526826489568,0.16757898330688475,0.04304075960108506,200,10,0.3,12,0.32883517367414505,0.325037065867522,0.3230668051389216,0.3270518148878171,0.33643067973897717,0.3280843078614766,0.00459897340865089,8,0.8247003576924907,0.8274524733795825,0.8211872164211593,0.8248108418011331,0.8258305816520319,0.8247962941892796,0.0020571774948881585,5
2.764284133911133,0.05372345697550063,0.14585504531860352,0.006176603639878649,200,20,sqrt,16,0.32819090289782116,0.32797846506348927,0.3286559290269263,0.3298968893114788,0.3370482943757304,0.3303540961350892,0.003412568758630936,1,0.8247093790893867,0.8276002650875566,0.8212971536401971,0.8260854318955049,0.8259073151935712,0.8251199089812431,0.002120679261223045,2
