mean_fit_time,std_fit_time,mean_score_time,std_score_time,param_model__C,param_model__gamma,split0_test_pr_auc,split1_test_pr_auc,split2_test_pr_auc,split3_test_pr_auc,split4_test_pr_auc,mean_test_pr_auc,std_test_pr_auc,rank_test_pr_auc,split0_test_roc_auc,split1_test_roc_auc,split2_test_roc_auc,split3_test_roc_auc,split4_test_roc_auc,mean_test_roc_auc,std_test_roc_auc,rank_test_roc_auc
38.78855872154236,0.22648885392380141,10.489159202575683,0.1343796667686176,0.1,0.001,0.10006633482009505,0.10190775228655906,0.08517563438653084,0.1802194529442273,0.12269945770464108,0.11801372642841068,0.03332074442897343,9,0.5384265090147442,0.5390021692542701,0.45186182581140566,0.6514376229485668,0.588317808384127,0.5538091870826227,0.06568301982313933,8
46.75922789573669,1.4504270535889714,12.75245804786682,0.300450990193116,0.1,0.01,0.17769057767985727,0.16110145562636685,0.23495043082476036,0.19178205350840472,0.22935658349740293,0.19897622022735845,0.028832074873469345,6,0.5798874832488278,0.5212283111442775,0.6676041423940584,0.600665345617174,0.6574648021894169,0.6053700169187509,0.053550486703681455,7
90.81060800552368,8.654665744030625,8.989525032043456,1.3184956528947391,0.1,0.1,0.23609629727264447,0.26854911129459336,0.2516799531073907,0.2429060834448352,0.2485205562140371,0.24955040026670017,0.010878478093919805,2,0.6569541821642662,0.6714761252576378,0.6512093781001344,0.6341518561225278,0.6413118309405672,0.6510206745170267,0.012903381453420936,5
32.18994355201721,5.075470677689743,8.020478105545044,2.1465322022572555,1.0,0.001,0.12374716973987421,0.13603679668503957,0.14533781139587526,0.13917814007566987,0.1544493724378436,0.13974985806686052,0.010173501512530188,8,0.5267343628688166,0.510194249690048,0.5203511379981969,0.5167475089622389,0.5723434929368789,0.5292741504912358,0.022190080190919344,9
45.937236070632935,2.22729736448511,9.371775770187378,0.2208113647767176,1.0,0.01,0.22227403761084277,0.21336102529180478,0.24685718001146356,0.2152321135574023,0.229219085152349,0.2253886883247725,0.01210859044866754,5,0.6653791737825352,0.6321975145504557,0.6723729622889286,0.6296579755745453,0.6652232412219795,0.6529661734836889,0.018196433833848624,3
92.42273211479187,1.6968872206543066,8.257444477081298,0.7850831959164537,1.0,0.1,0.23824103100400856,0.2689420278048647,0.2530779559143691,0.24487183569409504,0.25195235244894054,0.2514170405732556,0.010262721969553051,1,0.6603894629104713,0.6706892421178136,0.6514748405504709,0.6374144513565407,0.647603067382686,0.6535142128635965,0.011318601450730294,2
39.13976602554321,3.405960460637753,9.383036756515503,1.1215282217628126,10.0,0.001,0.2120113513406363,0.19254787156711423,0.18067527416088333,0.19866002260187537,0.17382116144454615,0.19154313622301106,0.01343715900622389,7,0.6565913834821399,0.631053731894068,0.5726308541434593,0.6091256467274577,0.5780771662179549,0.6094957564930159,0.031714445308862436,6
89.51349992752075,5.403749256060507,5.585990858078003,0.49358309591054284,10.0,0.01,0.21155340574639403,0.23381440795448524,0.2427237853794822,0.23251286202070742,0.2283242696379874,0.22978574614781128,0.0102529438328602,4,0.6338707473161256,0.6597492395811724,0.6584355281834273,0.6507416506225467,0.6562165020371996,0.6518027335480944,0.009479496846163006,4
96.40272250175477,5.49906910192764,3.7030566692352296,0.8008920836895572,10.0,0.1,0.23381412948189478,0.2537449938633659,0.2328904983085364,0.23209839200552926,0.23625416834144797,0.23776043640015487,0.008113239831231316,3,0.6781125226503378,0.6790208302813344,0.6536965318477924,0.6663544007570295,0.6521391578178601,0.6658646886708708,0.011487276046639308,1
