mean_fit_time,std_fit_time,mean_score_time,std_score_time,param_model__colsample_bytree,param_model__learning_rate,param_model__max_depth,param_model__min_child_weight,param_model__n_estimators,param_model__reg_lambda,param_model__subsample,split0_test_pr_auc,split1_test_pr_auc,split2_test_pr_auc,split3_test_pr_auc,split4_test_pr_auc,mean_test_pr_auc,std_test_pr_auc,rank_test_pr_auc,split0_test_roc_auc,split1_test_roc_auc,split2_test_roc_auc,split3_test_roc_auc,split4_test_roc_auc,mean_test_roc_auc,std_test_roc_auc,rank_test_roc_auc
2.365700340270996,0.2455092378016738,0.0600954532623291,0.004983064327531913,0.649816047538945,0.05492872600571018,5,20,600,14.322493718230252,0.662397808134481,0.32960746899671167,0.32320199990348647,0.32404869838959205,0.3315342551170269,0.3323490790799943,0.3281483002973623,0.003808228698574483,13,0.8252905074061099,0.8281077628854956,0.8214934722085993,0.8267134741270057,0.8262700609294966,0.8255750555113416,0.002233111103383147,13
2.0978301048278807,0.0380311541457878,0.06201324462890625,0.007580605313238003,0.5232334448672797,0.047208048834382316,5,50,600,93.30606024425674,0.9329770563201687,0.3327451868984808,0.32762085041972644,0.32788736240907623,0.33391774266057234,0.3385426325287839,0.3321427549833279,0.004074995089737225,8,0.8269822109551068,0.8293148611682197,0.8229626332266479,0.8273169846099153,0.8279081481827234,0.8268969676285227,0.0021227983021315697,8
3.1652138233184814,0.10853140300249696,0.06591830253601075,0.0035792166677231616,0.5849356442713105,0.013851197621057671,3,20,1000,33.47776308515934,0.7727780074568463,0.3356873813428676,0.3300710890934367,0.32843353698900496,0.3357285387991459,0.33878481559232165,0.3337410723633553,0.003868234640978514,4,0.8280860938439314,0.8289982867895587,0.8232711443633118,0.8281206535340334,0.8278376175638009,0.8272627592189272,0.002034176481099147,1
3.5321181774139405,0.2592945515170982,0.07256808280944824,0.010100339861221504,0.6164916560792167,0.029930508485773454,4,100,1000,12.319878776395287,0.8473544037332349,0.33354193933969395,0.3280014882638269,0.32720452199441485,0.3341973625115023,0.3400773412725399,0.33260453067639556,0.004682026050337107,6,0.8269097597038906,0.8291595958520325,0.8231873721434418,0.8275810876690731,0.8279546627354576,0.826958495620779,0.0020223036111280956,6
2.0666622638702394,0.1484306637049132,0.05668044090270996,0.006907550575066061,0.6529847965068651,0.058224040885259,3,100,600,40.508377813296754,0.6682096494749166,0.3358237804832864,0.3268617818898112,0.3286066708230516,0.3358809136453343,0.34208413053090914,0.33385145547447853,0.005516321380275749,2,0.827239925141274,0.8287362977584571,0.8229491600946822,0.8274566756059475,0.8286981294224923,0.8270160376045705,0.0021247356559700972,3
3.9584772109985353,0.3720388788345029,0.0751678466796875,0.011546175597579244,0.5260206371941119,0.05474903481444205,4,50,1000,20.16572169180859,0.6390688456025535,0.3292034180138904,0.32559491458281875,0.3244060260008035,0.3313234386233992,0.3351207764732093,0.32912971473882424,0.003886353684273313,12,0.8258542267853588,0.8288216767303886,0.8220921273895536,0.82629836452652,0.8273506218363621,0.8260834034536367,0.002242007930206833,12
5.494169139862061,0.3277585078984389,0.09130277633666992,0.001651038297902995,0.7736932106048628,0.022004181237640915,5,20,1500,14.90612138532327,0.7564242430292963,0.3280728819619561,0.3223865767583225,0.32429850943872807,0.3299441243680309,0.33280354816635405,0.32750112813867827,0.0037636735650300756,14,0.8246833909803544,0.8280281475838032,0.8216801355237875,0.8265389524681089,0.8258571761302345,0.8253575605372578,0.00213332121957074,14
3.770929527282715,0.3572208794121912,0.0731964111328125,0.0020481186087016726,0.572894435115225,0.038706635783862006,4,50,1000,35.2135880546787,0.6739417822102108,0.3312783699865821,0.32719720085708304,0.3267151002853074,0.33305119334126654,0.34090510276875396,0.3318293934477986,0.005133772964640129,9,0.8266113313049341,0.8292557651222124,0.8227179204654193,0.8269167855977626,0.8283109550744563,0.826762551512957,0.0022369337811198988,9
3.7986482620239257,0.2665390753961976,0.07828254699707031,0.007637412802544638,0.8878338511058235,0.04010241950040526,4,50,1000,84.46151473238233,0.8909087983425683,0.32976952348682054,0.3244218558684988,0.3285320324761547,0.3317905241541576,0.33777076415788054,0.33045694002870246,0.004378824532242935,11,0.8262668230257535,0.828598706714947,0.8231367963056142,0.8268760172203741,0.8275222998751518,0.826480128628368,0.0018414446553895133,11
2.3965007305145263,0.2689313123205554,0.06908035278320312,0.00795688628521725,0.6306163075223341,0.027790201257148026,3,50,600,24.472440973990114,0.7085396127095583,0.33626998683862563,0.3291886916427245,0.3279167464878233,0.3358215291668644,0.3401183093514335,0.3338630526974943,0.004603594392580451,1,0.827966457149146,0.8289830300153962,0.8230069147238308,0.8277854747059843,0.8277322562820136,0.8270948265752741,0.0020937710889806058,2
2.5899949073791504,0.18725158306792722,0.06422700881958007,0.0036737064135878546,0.8314950036607718,0.01894994907663277,3,20,600,63.415727754952776,0.6298202574719083,0.33398008136162327,0.32912360500087623,0.32699082490094267,0.3336971287244755,0.3381494434527777,0.33238821668813906,0.00393010293158462,7,0.827890748171273,0.8288827480495726,0.8230301168132335,0.8272059802892631,0.8275707445534509,0.8269160675753586,0.0020214400314971094,7
6.037343549728393,0.12132097257901782,0.10276660919189454,0.007102956861475348,0.8947547746402069,0.03989543757805738,5,100,1500,50.91635945818554,0.8916028672163949,0.32352639987871457,0.3242712872481643,0.32324935335037097,0.3267345136582954,0.33212801395071073,0.3259819136172512,0.0033094903546504353,15,0.8243528422810112,0.8270530259725721,0.8217770418361974,0.8251172308173218,0.8257386281127179,0.8248077538039642,0.0017547483943232578,15
2.7730870246887207,0.309251950668749,0.07256894111633301,0.011653527672374974,0.8085081386743783,0.011418733531206827,5,50,600,82.21663078569219,0.9400154311159197,0.330575935116391,0.3287066948870334,0.3263959628479606,0.33243378709969057,0.33958951831322143,0.33154037965285943,0.004494702591235854,10,0.8274390149884613,0.8287427837300816,0.8228711957675852,0.8271261821208727,0.8273432254773274,0.8267044804168657,0.001998705591895539,10
3.8856852531433104,0.10642621869153904,0.08309097290039062,0.004196450690952845,0.6797802696552814,0.011864337747264309,5,100,1000,21.143813626634373,0.8918424713352255,0.3341095793581107,0.32950457416344864,0.326130085824211,0.3348489075252278,0.34078389864288006,0.33307540910277567,0.004992474203619878,5,0.8273366250818597,0.8290510000498535,0.8229609527703634,0.8277592633061384,0.8278908507215547,0.8269997383859538,0.002097804357293806,4
2.007801818847656,0.0507125251709707,0.06313738822937012,0.004601614499431721,0.7550229885420853,0.04902139942455276,3,100,600,93.6940679728151,0.9395655297064336,0.33466176682630744,0.32858361233865196,0.3287218835690074,0.33576368950365426,0.34126486546865853,0.33379916354125594,0.004760691088838288,3,0.8271339532094342,0.8290204570198394,0.8229855699808477,0.8277085201577009,0.8279830252676127,0.826966305127087,0.002082234433407414,5
