model,variant,n_raw_features,roc_auc,pr_auc,d_roc_vs_A,d_roc_spread,d_pr_vs_A,d_pr_spread
logreg,A full29 + chronic_count (reference),29,0.8295,0.341,0.0,0.0,0.0,0.0
logreg,"B full29, no chronic_count",29,0.8295,0.3409,-0.0,0.0,-0.0001,0.0001
logreg,C full29 - EMPLOY1 (+ chronic_count),28,0.8289,0.34,-0.0007,0.0001,-0.001,0.0003
logreg,D minimal15,15,0.8277,0.3369,-0.0018,0.0004,-0.0041,0.0004
logreg,E minimal15 - EMPLOY1,14,0.8269,0.3357,-0.0026,0.0003,-0.0053,0.0003
logreg,F minimal10 (top 10 by rank),10,0.8253,0.3339,-0.0042,0.0006,-0.0071,0.0009
xgb,A full29 + chronic_count (reference),29,0.8334,0.3463,0.0,0.0,0.0,0.0
xgb,"B full29, no chronic_count",29,0.8333,0.3463,-0.0001,0.0003,-0.0,0.0004
xgb,C full29 - EMPLOY1 (+ chronic_count),28,0.8329,0.3456,-0.0004,0.0002,-0.0007,0.0009
xgb,D minimal15,15,0.8308,0.3411,-0.0025,0.0005,-0.0052,0.0012
xgb,E minimal15 - EMPLOY1,14,0.8302,0.3406,-0.0032,0.0005,-0.0057,0.0009
xgb,F minimal10 (top 10 by rank),10,0.8279,0.3363,-0.0055,0.0005,-0.01,0.0017
