model,n_input_features,fit_seconds,roc_auc_mean,roc_auc_std,pr_auc_mean,pr_auc_std,recall_mean,recall_std,specificity_mean,specificity_std,precision_mean,precision_std,f1_mean,f1_std,feature_set,train_rows
logreg,15,2.6,0.8294256488762368,0.004366345102003438,0.344622046066814,0.013819067816198512,0.0947602463826035,0.009075262400794464,0.9914315994282369,0.0008108514963074166,0.5330347938201594,0.020393863567515855,0.16076138073532548,0.013437228255302261,minimal15,30000
knn,15,2.5,0.7927135433075294,0.00801298584650002,0.27813393361305155,0.012465507479511728,0.03419795611547757,0.0032413295859196204,0.9960651286348761,0.0006000205380501613,0.4746794871794872,0.04024131640911613,0.0637602737844226,0.005780533118577806,minimal15,30000
svm,15,51.7,0.6679223728757385,0.01191567027727296,0.25401613721331384,0.011272723801729966,0.007836793727520126,0.003303375301953148,0.9995219506647027,0.00018747985458311738,0.6050000000000001,0.19261360284258222,0.015458451258945193,0.006488926126248041,minimal15,30000
dtree,15,0.4,0.8045651665413904,0.0030976602837149525,0.30185924549555193,0.012760948575370454,0.07160256532247322,0.012067188613442954,0.9912845000429723,0.0020129594493517697,0.46303029617177593,0.04342663162795337,0.12349008152072875,0.017724129592116705,minimal15,30000
rf,15,3.8,0.8291671204755318,0.002413371727421578,0.3424400751517895,0.017568639629452116,0.019590715613323945,0.007718359203499687,0.9986761393423507,0.0003163020454702552,0.5827520731612804,0.13977676426042018,0.037858959294164045,0.014734390701703298,minimal15,30000
xgb,15,1.8,0.8276169708489671,0.004248866184036704,0.3353622350481878,0.01461044633590551,0.09867293407171993,0.015162123454002797,0.9916154635168979,0.0008275522507546898,0.5460832817975676,0.05101771115768303,0.16700798868920833,0.024012545820600015,minimal15,30000
logreg,29,0.7,0.8303196397597918,0.003797989010582657,0.342730413194236,0.01232274000377294,0.09689611205206768,0.013971011924369434,0.9910270727377857,0.0008965128020351958,0.5258212366906164,0.027918452045072442,0.16337182342314083,0.02087590470853469,full29,30000
knn,29,3.3,0.7854475904389636,0.003122699195226819,0.26903900351807647,0.009275073554674983,0.028499565468374344,0.0040534621762974,0.9975729142387053,0.0007481803579777345,0.5562300018821758,0.1035278815420185,0.05417956714732699,0.007686529038796295,full29,30000
svm,29,94.2,0.7064853888663863,0.013270600867413426,0.2602507669501953,0.012029740792440777,0.0042755374553574265,0.0018175872017220428,0.9996690230021812,0.00013762237094594424,0.5633333333333334,0.18451136670797397,0.008484339940847635,0.0035984260924567797,full29,30000
dtree,29,0.5,0.7966884583162142,0.0038126502207750613,0.2944872415501373,0.014585487256069639,0.07624475866050076,0.015295173470169544,0.991983293123418,0.0012607416029324036,0.49428030258945077,0.03049871138144007,0.13166415655506672,0.023334559439267048,full29,30000
rf,29,4.4,0.8282802844182768,0.0017175520228700414,0.3422674950614851,0.015144873664915215,0.012822171896904993,0.0037933209599963023,0.9992645301214628,0.0002325310951391818,0.6337606837606837,0.12479510565054713,0.025123891382751683,0.007378901374282737,full29,30000
xgb,29,2.6,0.8292416377005256,0.002119747382628925,0.3319794298826149,0.012428187889158357,0.09582532463001377,0.011831527174802514,0.9898503385131873,0.0004561489266852278,0.4920593807143723,0.03110425517044623,0.16031117744778847,0.01799319530249621,full29,30000
