attribute,group,n,cases,observed_rate,obs_lo,obs_hi,mean_predicted,roc_auc,recall,recall_lo,recall_hi,fpr,fpr_lo,fpr_hi,precision,flagged_pct,note
sex,Male,43013,4914,0.11424,0.11127,0.11729,0.11428,0.82845,0.85714,0.84708,0.86665,0.35274,0.34796,0.35755,0.23863,41.03643,
sex,Female,47480,3554,0.07485,0.07252,0.07725,0.07495,0.82563,0.71581,0.70076,0.7304,0.23528,0.23134,0.23927,0.19753,27.12511,
age,18-24,5834,41,0.00703,0.00518,0.00952,0.00778,0.77047,0.12195,0.05323,0.25545,0.00138,0.0007,0.00272,0.38462,0.22283,few cases: interpret with caution
age,25-34,9981,148,0.01483,0.01264,0.01739,0.01127,0.78992,0.10811,0.06765,0.1684,0.0062,0.00483,0.00796,0.20779,0.77147,
age,35-44,12029,236,0.01962,0.01729,0.02226,0.02186,0.79547,0.25,0.19906,0.30895,0.02637,0.02363,0.02942,0.15946,3.0759,
age,45-54,12866,644,0.05005,0.04642,0.05396,0.04931,0.80695,0.53106,0.49244,0.5693,0.10882,0.10342,0.11446,0.20455,12.99549,
age,55-64,15727,1512,0.09614,0.09163,0.10085,0.09544,0.77939,0.71362,0.69032,0.73585,0.3044,0.29689,0.31201,0.19959,34.37401,
age,65+,34056,5887,0.17286,0.16888,0.17692,0.17376,0.73713,0.89264,0.88448,0.9003,0.62966,0.62401,0.63529,0.22856,67.51233,
income,<$25k,10569,1624,0.15366,0.14691,0.16066,0.15215,0.7917,0.88916,0.87297,0.90352,0.48217,0.47182,0.49253,0.25083,54.47062,
income,$25-50k,18119,2121,0.11706,0.11246,0.12182,0.1182,0.81434,0.8397,0.82347,0.8547,0.38036,0.37287,0.38791,0.22642,43.41299,
income,$50-100k,22331,1962,0.08786,0.08422,0.09164,0.08615,0.83117,0.78491,0.76618,0.80253,0.2708,0.26474,0.27695,0.21825,31.59733,
income,$100k+,22380,1210,0.05407,0.05118,0.05711,0.05349,0.84373,0.63306,0.60552,0.65975,0.14648,0.14178,0.15131,0.19809,17.27882,
income,Unknown,17094,1551,0.09073,0.08652,0.09513,0.09379,0.82157,0.78981,0.76883,0.80936,0.30618,0.29899,0.31348,0.20471,35.00644,
race_ethnicity,White,65160,6693,0.10272,0.10041,0.10507,0.10038,0.82844,0.81115,0.80159,0.82034,0.31353,0.30978,0.3173,0.22849,36.46409,
race_ethnicity,Black,7006,567,0.08093,0.07477,0.08755,0.09192,0.82123,0.79189,0.75656,0.82328,0.29461,0.2836,0.30587,0.19139,33.48558,
race_ethnicity,AI/AN,1198,151,0.12604,0.10844,0.14604,0.10962,0.84399,0.83444,0.76701,0.88527,0.3085,0.28127,0.33714,0.28062,37.47913,
race_ethnicity,Asian,2467,74,0.03,0.02396,0.03749,0.04765,0.84867,0.59459,0.48076,0.6991,0.1379,0.12467,0.1523,0.11765,15.16011,few cases: interpret with caution
race_ethnicity,NHPI,387,37,0.09561,0.07016,0.129,0.08431,0.8122,0.7027,0.54217,0.82511,0.24857,0.20619,0.29642,0.23009,29.19897,few cases: interpret with caution
race_ethnicity,Other,758,83,0.1095,0.08921,0.13373,0.10303,0.83788,0.84337,0.75025,0.90612,0.32444,0.29021,0.36067,0.24221,38.12665,few cases: interpret with caution
race_ethnicity,Multiracial,2129,176,0.08267,0.07171,0.09513,0.08252,0.8414,0.75,0.68115,0.80817,0.24322,0.2247,0.26274,0.21746,28.51104,
race_ethnicity,Hispanic,9677,529,0.05467,0.05031,0.05937,0.06066,0.81567,0.67108,0.62993,0.70976,0.18026,0.17252,0.18827,0.17715,20.7089,
race_ethnicity,Unknown,1711,158,0.09234,0.07952,0.10699,0.09754,0.82035,0.79114,0.72122,0.84724,0.29813,0.2759,0.32136,0.21259,34.36587,
