,correlation,chi_square,mutual_info,rfe_logreg,l1_logreg,random_forest,xgboost
_BMI5,25.0,25.0,23.0,28.0,23.0,13.0,19.0
PHYSHLTH,9.0,7.0,7.0,29.0,20.0,9.0,15.0
MENTHLTH,27.0,26.0,17.0,30.0,26.0,18.0,23.0
_DRNKWK3,29.0,29.0,12.0,18.0,24.0,15.0,20.0
chronic_count,2.0,11.0,3.0,19.0,12.0,4.0,9.0
_AGE_G,3.0,13.0,1.0,2.0,1.0,1.0,2.0
GENHLTH,1.0,12.0,2.0,4.0,6.0,3.0,5.0
INCOME3,14.0,24.0,11.0,23.0,18.0,14.0,18.0
EDUCA,22.0,28.0,14.0,27.0,25.0,20.0,22.0
CHCKDNY2,10.0,4.0,10.0,3.0,8.0,16.0,14.0
CHCCOPD3,5.0,2.0,9.0,1.0,11.0,11.0,8.0
ASTHMA3,24.0,22.0,27.0,26.0,28.0,27.0,27.0
ADDEPEV3,26.0,23.0,28.0,16.0,22.0,26.0,30.0
CHCSCNC1,18.0,16.0,21.0,25.0,28.0,24.0,29.0
CHCOCNC1,13.0,10.0,20.0,13.0,15.0,23.0,25.0
HAVARTH4,8.0,6.0,5.0,11.0,17.0,6.0,7.0
DIFFWALK,4.0,1.0,4.0,14.0,14.0,8.0,4.0
DIFFDRES,15.0,9.0,19.0,22.0,27.0,25.0,24.0
DECIDE,21.0,17.0,26.0,21.0,19.0,28.0,21.0
MEDCOST1,30.0,30.0,30.0,8.0,9.0,29.0,17.0
DRNKANY6,19.0,19.0,22.0,17.0,16.0,22.0,16.0
_TOTINDA,16.0,14.0,18.0,20.0,21.0,21.0,28.0
_RFDRHV9,28.0,27.0,29.0,24.0,28.0,30.0,26.0
SEXVAR,20.0,20.0,24.0,6.0,2.0,7.0,6.0
_RACE,23.0,21.0,25.0,10.0,13.0,19.0,13.0
DIABETE4,7.0,3.0,8.0,9.0,7.0,5.0,3.0
_SMOKER3,12.0,15.0,13.0,15.0,10.0,12.0,10.0
MARITAL,11.0,8.0,16.0,7.0,4.0,10.0,12.0
EMPLOY1,6.0,5.0,6.0,12.0,5.0,2.0,1.0
CHECKUP1,17.0,18.0,15.0,5.0,3.0,17.0,11.0
