,mean_rank,best_rank,worst_rank,top15_votes
_AGE_G,3.2857142857142856,1.0,13.0,7
GENHLTH,4.714285714285714,1.0,12.0,7
EMPLOY1,5.285714285714286,1.0,12.0,7
DIABETE4,6.0,3.0,9.0,7
CHCCOPD3,6.714285714285714,1.0,11.0,7
DIFFWALK,7.0,1.0,14.0,7
HAVARTH4,8.571428571428571,5.0,17.0,6
chronic_count,8.571428571428571,2.0,19.0,6
CHCKDNY2,9.285714285714286,3.0,16.0,6
MARITAL,9.714285714285714,4.0,16.0,6
SEXVAR,12.142857142857142,2.0,24.0,4
CHECKUP1,12.285714285714286,3.0,18.0,4
_SMOKER3,12.428571428571429,10.0,15.0,7
PHYSHLTH,13.714285714285714,7.0,29.0,5
CHCOCNC1,17.0,10.0,25.0,4
INCOME3,17.428571428571427,11.0,24.0,3
_RACE,17.714285714285715,10.0,25.0,3
DRNKANY6,18.714285714285715,16.0,22.0,0
_TOTINDA,19.714285714285715,14.0,28.0,1
DIFFDRES,20.142857142857142,9.0,27.0,2
_DRNKWK3,21.0,12.0,29.0,2
DECIDE,21.857142857142858,17.0,28.0,0
MEDCOST1,21.857142857142858,8.0,30.0,2
_BMI5,22.285714285714285,13.0,28.0,1
EDUCA,22.571428571428573,14.0,28.0,1
CHCSCNC1,23.0,16.0,29.0,0
MENTHLTH,23.857142857142858,17.0,30.0,0
ADDEPEV3,24.428571428571427,16.0,30.0,0
ASTHMA3,25.857142857142858,22.0,28.0,0
_RFDRHV9,27.428571428571427,24.0,30.0,0
