model,strategy,rows,seconds,roc_auc,roc_auc_std,pr_auc,pr_auc_std,recall,recall_std,specificity,specificity_std,precision,precision_std,f1,f1_std,brier,brier_std
logreg,none,100000,3.4,0.8240625910419815,0.0028301786491472507,0.33049804055682946,0.004092817684157895,0.07737532376762735,0.002776347388215025,0.9929393328152264,0.00023404366205650288,0.5307452843590492,0.013261764445340978,0.1350532631443962,0.004578896022639388,0.07257135374119428,0.0002559251391117511
logreg,class_weight,100000,1.4,0.8240252828696008,0.002766691951092098,0.3295291008996678,0.004378025701340914,0.7727898148528827,0.009419206403725542,0.7224275440056276,0.0014259267933936606,0.22323760698248368,0.002138744219171062,0.3464059967492085,0.0034613081866122345,0.17678081225441566,0.00017329360798571875
logreg,undersample,100000,0.8,0.8239764524417449,0.002828737188995663,0.32932386103630973,0.004161539420524591,0.5472906873695222,0.003382717937526149,0.868428847087196,0.002167490513653558,0.30043789673217214,0.0030285480796518457,0.3879097404472677,0.0025762329557593995,0.11569764871191066,0.00028745685943915077
dtree,none,100000,1.0,0.8125683532207496,0.0020613530019700805,0.29886935730196257,0.0040780842283711025,0.028321958639970397,0.009191608432627823,0.9971536756023822,0.0011895078633068171,0.5206568926871047,0.05368952707897861,0.05333229283773668,0.016345163349624048,0.07393771635312063,0.00023076924762986467
dtree,class_weight,100000,1.2,0.8121532241491615,0.002851659346057781,0.29871367992531594,0.0050165487736744795,0.7923481775365795,0.012001923312924222,0.6919011987104091,0.008189031302373919,0.2098366780161891,0.002661408790023877,0.3317713915848469,0.002998435660037378,0.18312451995596685,0.0005551819818132991
dtree,undersample,100000,0.5,0.8092522125654102,0.002923576327813645,0.28835539395022664,0.00254421007323374,0.5608658014590671,0.023016482359199293,0.8414770922880482,0.006753112942821171,0.26753917517917036,0.0011085796461684026,0.36212657793084124,0.004734234894455806,0.12209442127951926,0.000923659784248831
xgb,none,100000,7.8,0.8270948265752741,0.0020937710889806058,0.3338630526974943,0.004603594392580451,0.06316106839890911,0.004512053741559818,0.9948368882964236,0.0004252676844559263,0.5582475036020085,0.014611436359923595,0.11343039327780995,0.007360772764881367,0.07221732437610626,0.0002495969910278787
xgb,class_weight,100000,8.9,0.8271529859616822,0.002142402097461429,0.3336641602585658,0.004031912086388145,0.7941641313434472,0.006138171634099634,0.7073353248955205,0.0020855339908885076,0.21882499821957263,0.0014125248531818224,0.3431070020516703,0.002145866542558366,0.17628843188285828,0.0004716630101989507
xgb,undersample,100000,5.5,0.8267703126513334,0.002103595725143184,0.3319208440234548,0.0033691191724070655,0.5838407405884689,0.007874099746306753,0.851968695395074,0.003612000126681566,0.28938729221494264,0.0025737743398161696,0.3869315173674659,0.0015737467438444392,0.11675736904144288,0.0006636679962674168
rf,none,100000,11.8,0.8251199089812431,0.002120679261223045,0.3303540961350892,0.003412568758630936,0.011862628878930323,0.0014081880477379745,0.9993270322860726,0.00023245517296597152,0.6520523969912179,0.08304155040500429,0.023294871057101003,0.0027426522782010446,0.07263569872826312,0.00012828293246493636
rf,class_weight,100000,13.2,0.8254232425525363,0.002306293449490914,0.32853570842028323,0.004118577503705214,0.776103322415455,0.00803791462316954,0.7240823408749991,0.0026048824609041974,0.22503191673090206,0.0023671559611717218,0.348896450613638,0.003487629486120402,0.16573252058627197,0.00029895177469369026
rf,undersample,100000,5.9,0.8250584179252959,0.0023560529219337316,0.32760020243894256,0.003593898435634275,0.5420525040313924,0.01280326060940967,0.8684509276146233,0.004540360697026462,0.2985050223077524,0.004121132045378175,0.3849150837507778,0.004086871758270451,0.11534492639561378,0.000446436564674724
knn,none,30000,5.8,0.8175593635502436,0.0030099463148115465,0.31644179663281524,0.013533973375055531,0.0007123781249801764,0.000872482031582255,0.9999264570693143,0.00014708586137155422,0.26666666666666666,0.38873012632302006,0.0014196994318682842,0.0017387707389069152,0.07369813,0.0004479135226742377
knn,undersample,30000,3.6,0.8163962173765971,0.005062936145943194,0.3115005881268776,0.015339822571577504,0.4588508065795066,0.01826561641194697,0.8925822054913632,0.005038984291838464,0.3061962020982157,0.011666551426945016,0.3671798048069688,0.012671468915485474,0.11312607749999999,0.0021846841280622055
svm,none,30000,54.8,0.6535142128635965,0.011318601450730294,0.2514170405732556,0.010262721969553051,0.01745548429659797,0.0034502092621045977,0.9988232319656689,0.0002987128363900221,0.6073917748917749,0.03928394925256394,0.03389672586631988,0.006530221408696843,,
svm,class_weight,30000,60.1,0.8097143771961232,0.004388772722750241,0.2728600852285218,0.006650224333785794,0.7534733984179243,0.012159437630996075,0.7259219018164009,0.002574526018509467,0.22104657234809322,0.0027571334031107862,0.341810683440359,0.004415389987555197,,
svm,undersample,30000,6.9,0.8061593851851583,0.00635383346697874,0.3232878213088746,0.01811475296829418,0.5351057148838183,0.02266347096097568,0.8679071930950247,0.001940140277230702,0.2947750729757003,0.00900049030534179,0.3801149009992852,0.013020598156885322,,
