scenario,level,repeat,roc_auc,pr_auc,recall,precision,flagged_pct
clean,0.0,0,0.8317578413784177,0.34124118846487206,0.7978271138403401,0.22129053390108092,33.73741615373565
missing_cells,0.05,0,0.8265744786439495,0.3336267697269175,0.7919225318847426,0.21910736456903876,33.821400550318806
missing_cells,0.05,1,0.8262377724224025,0.33258806464734975,0.7948748228625413,0.2192008336861302,33.93301139314644
missing_cells,0.05,2,0.8263635952666597,0.33042476724969355,0.7899149740198393,0.21814564784919935,33.88438884775618
missing_cells,0.05,3,0.8266804702991429,0.33393943215044697,0.7918044402456306,0.21853203832866175,33.905384946901975
missing_cells,0.05,4,0.826697357295558,0.33350211141352953,0.7914501653282947,0.2185126014802256,33.8932293105544
missing_cells,0.1,0,0.822039547345857,0.3266930178611897,0.7863722248464808,0.2169267355116135,33.92196081464865
missing_cells,0.1,1,0.8214241059840248,0.32529950951246106,0.7864903164855929,0.21616358325219084,34.046832351673615
missing_cells,0.1,2,0.8204483962212403,0.32132006061169194,0.7830656589513463,0.21578964496078623,33.95732266584155
missing_cells,0.1,3,0.8214151834246417,0.32693184043410783,0.7857817666509211,0.2160740379931807,34.030256483926934
missing_cells,0.1,4,0.820799574337409,0.32538879922921377,0.7834199338686821,0.21553656713993308,34.012575558330475
missing_cells,0.2,0,0.8107672803592694,0.3096013348973986,0.769248937175248,0.21139055654713612,34.0523576409225
missing_cells,0.2,1,0.8094803845504318,0.30802242801367813,0.7717288615965989,0.2107248806913453,34.270054037328855
missing_cells,0.2,2,0.8079002889052024,0.30310847830130677,0.764289088332546,0.21012987012987014,34.03578177317583
missing_cells,0.2,3,0.8095780712788321,0.3087285544457891,0.769248937175248,0.21150724072991753,34.03357165747627
missing_cells,0.2,4,0.8087504320908648,0.31154841701062364,0.7639348134152102,0.20954941530886592,34.114240880510096
missing_cells,0.3,0,0.7959438836881217,0.2916746506748899,0.7477562588568729,0.20513152779577556,34.11092570696076
missing_cells,0.3,1,0.7947723246466933,0.29046632413222373,0.7479924421350969,0.2040329854400206,34.305415888521765
missing_cells,0.3,2,0.7949926546352606,0.2859903231219576,0.7420878601794992,0.20379438949245987,34.07445879791807
missing_cells,0.3,3,0.7959129595873927,0.29311399731174104,0.7425602267359471,0.20379192999513854,34.096559954913644
missing_cells,0.3,4,0.7946699905569881,0.2931186969740271,0.740552668871044,0.20306984877432727,34.125291459007876
missing_cells,0.4,0,0.7807204792137838,0.27153250256811545,0.7229570146433633,0.19836692372496922,34.10429535986209
missing_cells,0.4,1,0.7788512854460279,0.2717167412188812,0.7177609825224374,0.19694760377175075,34.10319030201231
missing_cells,0.4,2,0.7810411298674018,0.26772291738311454,0.7272083136513935,0.1999935045954987,34.02583625252782
missing_cells,0.4,3,0.780387958208877,0.27450062909136985,0.7170524326877658,0.19780434570153435,33.92196081464865
missing_cells,0.4,4,0.7798577314282991,0.2730544837497444,0.7197685403873406,0.19817271426713487,33.987159227785575
ordinal_misreport,0.05,0,0.8299668436397594,0.33783697996282047,0.7944024563060935,0.22126833760936782,33.595968748964005
ordinal_misreport,0.05,1,0.8302212513984915,0.3381617576848875,0.793457723193198,0.22104882221344913,33.58933840186534
ordinal_misreport,0.05,2,0.8305474780218539,0.3411621680883667,0.793221539914974,0.22068535006735224,33.634645773706254
ordinal_misreport,0.05,3,0.8304428994351614,0.3390028263161696,0.7922768068020785,0.2205964554631243,33.60812438531157
ordinal_misreport,0.05,4,0.8305340635890903,0.3388747072269972,0.795819555975437,0.2216120227564208,33.60370415391245
ordinal_misreport,0.1,0,0.8283364584486594,0.33584463943419307,0.7905054322153992,0.22129657178749712,33.4268948979479
ordinal_misreport,0.1,1,0.8285793118709128,0.335361825025811,0.7895606991025036,0.22084957389178833,33.454521344192365
ordinal_misreport,0.1,2,0.829166237755146,0.33942875631807135,0.7902692489371752,0.22040708780712734,33.55176643497287
ordinal_misreport,0.1,3,0.8289947748858784,0.336495724238916,0.7879074161549362,0.2203725723345224,33.45673145989193
ordinal_misreport,0.1,4,0.8292048462706725,0.33682798783154255,0.7915682569674067,0.22128685087979927,33.4733073276386
ordinal_misreport,0.2,0,0.8259558519392152,0.33174295372450946,0.7835380255077941,0.22087952328639435,33.19483274949444
ordinal_misreport,0.2,1,0.8254123035867178,0.33014950300666557,0.7804676428908833,0.21974331693044288,33.23571988993624
ordinal_misreport,0.2,2,0.8260533824598391,0.33577501443156016,0.7801133679735475,0.21957056438210462,33.24677046843402
ordinal_misreport,0.2,3,0.8251704953888472,0.3297896529436663,0.7791686348606519,0.21954546967024924,33.210303559391335
ordinal_misreport,0.2,4,0.8262202267618618,0.3321914104443947,0.7842465753424658,0.22073389616432892,33.24677046843402
ordinal_misreport,0.3,0,0.8230914497910056,0.3270388726579519,0.7777515351913085,0.2206512999195926,32.983766700186756
ordinal_misreport,0.3,1,0.8223286497874926,0.3250725283190473,0.7736183278223902,0.2194713390733358,32.98487175803653
ordinal_misreport,0.3,2,0.8230307173593774,0.33032125168125165,0.7712564950401511,0.2189920531133689,32.956140253942294
ordinal_misreport,0.3,3,0.822820063614717,0.32551420823443644,0.771846953235711,0.21886615544319057,33.00034256793343
ordinal_misreport,0.3,4,0.8231171333727909,0.3284802390154189,0.7752716107699575,0.220250276780622,32.938459328345836
noise_PHYSHLTH,0.1,0,0.8317761284860068,0.3413855274980821,0.797945205479452,0.22144659653262544,33.718630170289416
noise_PHYSHLTH,0.1,1,0.8316932246280779,0.34139990843994755,0.7966461974492206,0.22127464165053956,33.68989866619517
noise_PHYSHLTH,0.1,2,0.8317331475924494,0.3414222325366773,0.7975909305621162,0.22121053321105724,33.7396262694352
noise_PHYSHLTH,0.1,3,0.831828941111396,0.34154573174990804,0.7977090222012282,0.22140281874795148,33.715314996740084
noise_PHYSHLTH,0.1,4,0.8317531911377066,0.34146442538958655,0.7967642890883325,0.22112611431567908,33.71752511243963
noise_PHYSHLTH,0.25,0,0.8316576985166884,0.3411804611028389,0.800543221539915,0.22023326077775252,34.01478567403004
noise_PHYSHLTH,0.25,1,0.8314473427905504,0.34130894565151443,0.7998346717052432,0.2200812347684809,34.008155326931366
noise_PHYSHLTH,0.25,2,0.8315723903547385,0.3413894853856594,0.8021965044874823,0.22033018714929778,34.07003856651896
noise_PHYSHLTH,0.25,3,0.8316351837212205,0.3412067308879638,0.8013698630136986,0.22040339082139726,34.02362613682826
noise_PHYSHLTH,0.25,4,0.8315835336560091,0.34108738265675803,0.8006613131790269,0.22005842259006816,34.046832351673615
noise_PHYSHLTH,0.5,0,0.8315021580428217,0.34095846026263843,0.8036136041568257,0.2189017917457458,34.35293337606224
noise_PHYSHLTH,0.5,1,0.831185732917528,0.34107858168786814,0.8036136041568257,0.2188595503811147,34.35956372316091
noise_PHYSHLTH,0.5,2,0.831397197214981,0.3413475941115347,0.8050307038261691,0.2189567675210381,34.40487109500182
noise_PHYSHLTH,0.5,3,0.8314198372646103,0.34078521783567467,0.8045583372697213,0.2190252684369575,34.37392947520802
noise_PHYSHLTH,0.5,4,0.8313954134229559,0.3410459390830884,0.805384978743505,0.2192080226279249,34.3805598223067
knockout,_AGE_G,0,0.7964285424288395,0.3119460645902231,0.6907179971658006,0.2226748391517874,29.026554540130178
knockout,GENHLTH,0,0.8129028695728415,0.3054167640019566,0.8279404818138876,0.19675029466240107,39.377631419004786
knockout,DIABETE4,0,0.8289351135932871,0.3342616069662403,0.8194378837978271,0.21203972498090146,36.163018133999316
knockout,CHCCOPD3,0,0.8290158096666556,0.3330904183187701,0.8588804912612187,0.2002753683051081,40.1301758147039
knockout,DIFFWALK,0,0.8307734106146711,0.34000188522542774,0.7835380255077941,0.22604163117909584,32.43676306454643
knockout,HAVARTH4,0,0.8302018427622602,0.3388717473847347,0.7704298535663675,0.23009910767819983,31.33170521476799
knockout,CHCKDNY2,0,0.8286299987748127,0.3310003112636435,0.8568729333963155,0.19923666218182817,40.24510183108086
knockout,MARITAL,0,0.8304776876987601,0.3387799207348743,0.7392536608408125,0.24183890283948234,28.604422441514814
knockout,SEXVAR,0,0.819113582777236,0.3201819523147955,0.747401983939537,0.22512716536833494,31.066491330821165
knockout,CHECKUP1,0,0.8305787966012067,0.33990109413273506,0.7334671705243269,0.24491324921135646,28.024267070381136
knockout,_SMOKER3,0,0.8302756707324359,0.3396280084766879,0.805384978743505,0.2168797303313617,34.7496491441327
knockout,PHYSHLTH,0,0.8307689532941628,0.34027018856860347,0.8114076523382144,0.21699722081859524,34.990551755384395
knockout,CHCOCNC1,0,0.831602964607637,0.341120167965862,0.8089277279168635,0.21702626493045654,34.87894091255677
knockout,INCOME3,0,0.8304754122481581,0.33944162296116587,0.7939300897496457,0.22204974072728473,33.457836517741704
